species,order,diet classification,wild vs captive status of short-read sequenced sample,IUCN category,NCBI accession for reference genome,"short-read sequenced sample accession, if different from reference",contig N50,scaffold N50,generation time (days),Nc,historical Ne,heterozygosity,outbred heterozygosity,fRoH,hom. conserved (proportional),phyloP kurtosis,hom. missense conserved (proportional),het. missense L (proportional),het. missense V (proportional),het. LoF L (proportional),het. LoF V (proportional),hom. missense L (proportional),hom. missense V (proportional),derived substitutions (count),hom. missense (count),hom. conserved (count),hom. missense L (count),hom. missense V (count),het. missense L (count),het. missense V (count),het. LoF L (count),het. LoF V (count)
Acinonyx jubatus,CARNIVORA,Carnivore,wild,VU,GCF_001443585.1,NA,"35,120","3,122,036",2190,105863.065,0.07752336,0.00033515,0.00055,0.868654,0.03362154,23.5318775,0.13182444,NA,NA,NA,NA,0.30854907,0.37804706,2757191,11607,92701,665,1611,NA,NA,NA,NA
Acomys cahirinus,RODENTIA,Omnivore,captive,LC,GCA_004027535.1,NA,"42,476","65,411",650.0125,NA,2.53957974,0.00012143,0.0004,0.95785687,0.03639302,20.8598964,0.06999151,NA,NA,NA,NA,0.23794644,0.31549248,36341725,170008,1322585,10957,23479,NA,NA,NA,NA
Ailuropoda melanoleuca,CARNIVORA,Omnivore,captive,VU,GCA_002007445.1,NA,"128,604","9,947,519",5246.69942,6517.2402,1.17598296,0.0044866,0.001,0.33741509,0.02987324,22.8391354,0.08762492,0.32352941,0.2962963,0,0,0.25402533,0.34891718,8125902,52903,242747,3277,7637,11,24,0,0
Ailurus fulgens,CARNIVORA,Omnivore,wild,EN,GCA_002007465.1,NA,"99,577","2,983,736",3650,NA,1.86581659,NA,NA,NA,0.02242121,26.7279051,0.06241944,NA,NA,NA,NA,0.22363816,0.31839222,23059860,122487,517030,7007,16926,NA,NA,NA,NA
Allactaga bullata,RODENTIA,Omnivore,wild,LC,GCA_004027895.1,NA,"30,651","36,308",625.1262,NA,9.87547082,0.00299768,0.0028,0.02753383,0.03779948,22.2851469,0.06635217,0.27300614,0.3170068,0,0.00408163,0.22412752,0.29317582,21111192,59989,797992,2713,8137,89,233,0,0
Alouatta palliata mexicana,PRIMATES,Herbivore,captive,EN,GCA_004027835.1,NA,"51,304","72,427",3574.6373,33008144.7,1.28115001,0.00064198,0.0004,0.67437685,0.03152431,25.5738757,0.08941802,0.39855072,0.44375,0,0.003125,0.27814335,0.36650214,12917905,62709,407228,2882,8507,55,142,1,0
Ammotragus lervia,CETARTIODACTYLA,Herbivore,NA,VU,GCA_002201775.1,NA,"52,017","1,301,762",1825,NA,3.93229771,0.00228849,0.0028,0.32828459,0.02638165,27.2214523,0.06057285,0.29876543,0.34170472,0,0.00380518,0.21114639,0.28567764,8090130,54478,213431,3125,7655,242,449,0,0
Anoura caudifer,CHIROPTERA,Omnivore,wild,LC,GCA_004027475.1,NA,"143,417","185,021",2064.27635,NA,4.00953183,0.00216112,0.0015,0.11490086,0.03173333,23.5258163,0.07756518,0.2566168,0.33351293,0.0023015,0.00215517,0.23040536,0.3236653,18135506,100953,575500,5195,15448,223,619,0,2
Antilocapra americana,CETARTIODACTYLA,Herbivore,captive,LC,GCA_004027515.1,NA,"59,271","70,316",1652.84167,1647991.67,3.50939604,0.00134034,0.0005,0.48248567,0.02858599,24.5793231,0.06818335,0.29303279,0.37704918,0,0.00234192,0.22400615,0.30358865,21065915,109128,602190,6355,14813,143,322,0,0
Aotus nancymaae,PRIMATES,Omnivore,captive,VU,GCA_000952055.2,NA,"126,456","8,268,663",3047.8376,4448885.48,NA,NA,NA,NA,0.02774518,26.8932841,0.08515744,NA,NA,NA,NA,0.26629264,0.34587762,12958537,96565,359537,4986,13161,NA,NA,NA,NA
Aplodontia rufa,RODENTIA,Herbivore,wild,LC,GCA_004027875.1,NA,"33,245","37,811",1576.8,191169253,3.57600881,0.0024757,0.0015,0.09156923,0.02732039,26.1164447,0.05822219,0.36470588,0.39442231,0,0.00298805,0.2192558,0.31028943,43821002,170293,1197207,8635,24963,155,396,0,0
Artibeus jamaicensis,CHIROPTERA,Herbivore,wild,LC,GCA_004027435.1,NA,"32,365","35,347",1920.4777,NA,4.75477471,0.00470795,0.007,0.23730874,0.03119807,23.5590367,0.07159218,0.1977887,0.27674836,0.002457,0.00239091,0.23232906,0.31117842,20415623,71371,636928,3936,9877,161,463,0,2
Ateles geoffroyi,PRIMATES,Omnivore,wild,EN,GCA_004024785.1,NA,"59,033","73,111",5475,15373971.2,1.36323075,0.00367714,0.0028,0.06696691,0.03165306,23.479307,0.09031807,0.22338049,0.27161905,0.00182074,0.00102889,0.27192982,0.36082965,9487170,47614,300298,2130,6445,2700,7130,5,22
Balaenoptera acutorostrata,CETARTIODACTYLA,Carnivore,wild,LC,GCF_000493695.1,NA,"22,690","12,843,668",8030,NA,0.55180603,0.00157339,0.0012,0.14331885,0.04097065,22.4224296,0.15960437,0.41336117,0.45089903,0.00420168,0.00276625,0.35208765,0.41082621,1519307,11975,62247,841,1774,198,326,3,2
Balaenoptera bonaerensis,CETARTIODACTYLA,Carnivore,wild,NT,GCA_000978805.1,NA,"8,410","20,082",8030,NA,0.5271824,0.00134034,0.0025,0.05473749,0.03419381,24.5231095,0.11244683,0.24705882,0.3583815,0.01176471,0,0.29161452,0.37305699,1415490,3101,48401,147,463,21,62,0,1
Beatragus hunteri,CETARTIODACTYLA,Herbivore,captive,CR,GCA_004027495.1,NA,"57,444","69,303",2253.9745,12679.2456,0.82835514,0.00045077,0.0004,0.60742119,0.02942097,24.5061044,0.07045897,0.27956989,0.33974359,0,0.01923077,0.2321756,0.31465111,11290790,54566,332186,2997,7210,26,53,0,0
Bison bison,CETARTIODACTYLA,Herbivore,wild,NT,GCF_000754665.1,SAMN16823422,"19,971","7,192,658",4288.14167,2908.6512,2.49478435,0.00298303,0.0005,0.06440913,0.03609865,23.4987128,0.11346818,0.33333333,0.4047976,0.00165017,0.00075019,0.26860313,0.34560266,1619562,9344,58464,588,1328,202,540,0,1
Bos indicus,CETARTIODACTYLA,Herbivore,domestic,LC,GCA_000247795.2,SAMN10486400,"28,375","106,310,653",3285,NA,2.44167298,0.00471316,0.003,0.01998314,0.03720761,24.6335461,0.12406631,0.27363184,0.30994764,0.00332779,0.00524659,0.31256086,0.33776722,397795,3092,14801,213,379,165,296,1,2
Bos mutus,CETARTIODACTYLA,Herbivore,domestic,LC,GCF_000298355.1,NA,"22,822","1,407,960",3650,NA,2.81593205,0.00263639,0.0015,0.06638135,0.03467327,24.4095296,0.10563916,0.32245431,0.3579661,0.00391645,0.00542741,0.28655298,0.33255147,1717894,10488,59565,731,1439,247,528,0,3
Bos taurus,CETARTIODACTYLA,Herbivore,domestic,LC,GCF_000003205.7,SAMN10598557,"276,285","6,806,220",3285,NA,2.99558281,0.00283483,0.001,0.11941973,0.03889459,23.4849645,0.10995542,0.28726287,0.377943,0,0.00124069,0.27646736,0.33400402,626051,5491,24350,333,706,212,610,0,0
Bubalus bubalis,CETARTIODACTYLA,Herbivore,domestic,LC,GCF_000471725.1,NA,"21,938","1,412,388",2920,1037376.77,4.19636081,0.00283719,0.003,0.35061237,0.03095778,25.7512617,0.07244656,0.28298453,0.32998565,0.00273224,0.00191479,0.22401149,0.31204556,7007026,40319,216922,2058,5779,311,690,0,3
Callicebus donacophilus,PRIMATES,Omnivore,wild,LC,GCA_004027715.1,NA,"41,149","46,445",3211.54375,NA,1.43487912,0.00139201,0.0012,0.29138496,0.03008789,25.5664657,0.09419021,0.34857143,0.39863326,0,0,0.27476203,0.35947955,14572474,55238,438455,2279,7135,61,175,0,0
Callithrix jacchus,PRIMATES,Omnivore,captive,LC,GCA_002754865.1,NA,"155,284","129,239,660",2156.5235,307075083,NA,NA,NA,NA,0.03172125,24.7805841,0.0844601,NA,NA,NA,NA,0.25159858,0.33160938,10588927,88433,335894,4648,12097,NA,NA,NA,NA
Camelus bactrianus,CETARTIODACTYLA,Omnivore,domestic,LC,GCF_000767855.1,SAMN02991270,"139,019","9,947,519",5840,11321.58,1.14497387,0.00200406,0.001,0.24891487,0.04460654,21.4955097,0.20109976,0.32207207,0.35216573,0.0045045,0.00659134,0.41121495,0.42355372,337103,2691,15037,186,340,143,374,1,2
Camelus dromedarius,CETARTIODACTYLA,Omnivore,domestic,LC,GCF_000767585.1,NA,"69,131","4,188,677",5840,NA,0.94981111,0.00140346,0.0006,0.34599958,0.03762002,21.8756066,0.12728809,0.32666667,0.39482201,0.00666667,0.00161812,0.2866354,0.37484678,1026395,5952,38613,356,883,98,244,0,2
Camelus ferus,CETARTIODACTYLA,Omnivore,wild,CR,GCF_000311805.1,NA,"90,263","2,005,940",5840,NA,0.70263827,0.00045077,0.002,0.10349009,0.04074761,21.6634671,0.18018764,0.32620321,0.39114391,0.00534759,0.01107011,0.37235772,0.40244836,334989,2380,13650,166,296,61,106,0,1
Canis lupus,CARNIVORA,Carnivore,domestic,LC,GCF_000002285.3,NA,"267,478","45,876,610",2883.25667,508034.397,1.96458954,0.00231623,0.0013,0.11390073,0.03775573,24.0392759,0.15817875,NA,NA,NA,NA,0.29257642,0.38147139,362448,2118,13684,127,273,NA,NA,NA,NA
Canis lupus familiaris,CARNIVORA,Carnivore,wild,LC,GCA_004027395.1,NA,"100,144","157,754",2883.25667,508034.397,2.47899123,0.00192505,0.0027,0.26494839,0.03288472,26.6326133,0.13468795,NA,NA,NA,NA,0.31122449,0.34802784,238242,1707,7835,85,239,NA,NA,NA,NA
Capra aegagrus,CETARTIODACTYLA,Herbivore,wild,NT,GCA_000978405.1,SAMEA2395408,"19,347","91,317,560",2097.005,NA,3.98476942,0.0041338,0.0032,0.01524501,0.03465546,25.81036,0.11562942,0.29522431,0.36116769,0.00144928,0.00067889,0.26298701,0.34220716,629742,3265,21824,175,400,204,532,2,1
Capra hircus,CETARTIODACTYLA,Herbivore,domestic,LC,GCF_001704415.1,NA,"26,244,591","87,277,232",2555,NA,3.72254465,0.00122489,0.002,0.61415481,0.03252172,26.1494572,NA,NA,NA,NA,NA,NA,NA,634376,NA,20631,NA,NA,NA,NA,NA,NA
Capromys pilorides,RODENTIA,Omnivore,wild,LC,GCA_004027915.1,NA,"4,080","4,081",1714.82607,NA,4.33301436,0.00323016,0.0006,0.34231712,0.04283624,22.0120535,0.07920614,0.41772152,0.28813559,0.02542373,0.0042735,0.23066639,0.29659004,13254103,33217,567756,1604,4764,99,68,1,6
Carollia perspicillata,CHIROPTERA,Omnivore,wild,LC,GCA_004027735.1,NA,"10,341","10,739",1847.5352,NA,4.90729096,0.00706802,0.008,0.0181826,0.03375911,21.8936118,0.07266129,0.23674912,0.28920863,0.00176678,0.00359971,0.24554865,0.30092379,10837579,24163,365867,1162,3420,134,402,0,1
Castor canadensis,RODENTIA,Herbivore,wild,LC,GCA_004027675.1,NA,"49,369","55,723",2657.59975,9226656.28,1.68032774,0.00141408,0.0012,0.21413515,0.03153555,25.2517467,0.06166457,0.34733894,0.35950413,0.00280112,0.00137931,0.23446854,0.3097162,51728864,231842,1631298,13451,31199,124,261,0,1
Catagonus wagneri,CETARTIODACTYLA,Omnivore,captive,EN,GCA_004024745.1,NA,"66,027","91,723",1470.95,3048099.33,3.02690355,0.0040012,0.002,0.02061988,0.02641902,23.3988004,0.06751686,0.20627141,0.27201984,0.0013327,0.00139864,0.23650843,0.32942569,24657124,110800,651417,6028,16228,4335,10312,12,28
Cavia aperea,RODENTIA,Herbivore,NA,LC,GCA_000688575.1,no data available,"1,039","27,928,671",763.4281,1.12E+10,NA,NA,NA,NA,0.03298498,26.6783281,0.06677551,NA,NA,NA,NA,0.18624161,0.25473684,1736093,2153,57265,80,335,NA,NA,NA,NA
Cavia porcellus,RODENTIA,Herbivore,captive,LC,GCF_000151735.1,no data available,"80,583","27,942,054",763.4281,NA,NA,NA,NA,NA,0.06533147,16.6854469,0.23096192,NA,NA,NA,NA,0.38082902,0.41223404,146346,1320,9561,96,171,NA,NA,NA,NA
Cavia tschudii,RODENTIA,Herbivore,captive,LC,GCA_004027695.1,NA,"64,807","91,436",755.95645,NA,5.09926687,0.00083648,0.0004,0.63593148,0.05556242,20.153453,0.18419415,0.34020619,0.41726619,0.00343643,0.00479616,0.36741214,0.43771626,145602,1049,8090,89,150,99,174,1,1
Cebus albifrons,PRIMATES,Omnivore,captive,LC,GCA_004027755.1,NA,"25,652","31,156",5508.653,52147828.1,0.93901447,0.00179481,0.0018,0.18982079,0.03823976,25.1394734,0.12630241,0.34715026,0.43018336,0,0.00141243,0.37096774,0.41704036,731856,2826,27986,107,384,67,305,2,0
Cebus capucinus,PRIMATES,Omnivore,wild,VU,GCF_001604975.1,SAMN04274558,"41,196","5,274,112",6794.84,11754402.7,0.67399801,0.00164428,0.0008,0.1511858,0.0411194,21.3124587,0.13565081,0.46210269,0.47444444,0.00738916,0.00556793,0.28548516,0.39004554,467857,5009,19238,265,670,189,427,0,3
Ceratotherium simum,PERISSODACTYLA,Herbivore,wild,NT,GCF_000283155.1,NA,"92,960","26,277,727",6865.34583,1496699.55,NA,NA,NA,NA,0.04271719,20.3180041,0.1723771,NA,NA,NA,NA,0.36235294,0.44955567,312661,3384,13356,224,475,NA,NA,NA,NA
Ceratotherium simum cottoni,PERISSODACTYLA,Herbivore,wild,CR,GCA_004027795.1,NA,"21,199","23,005",6865.34583,1496699.55,0.43222911,0.00094734,0.001,0.4042295,0.0426872,21.2453427,0.15709091,0.38095238,0.40080972,0,0,0.33333333,0.41762452,316418,904,13507,34,125,32,99,0,0
Cercocebus atys,PRIMATES,Omnivore,captive,VU,GCF_000955945.1,SAMN03121017,"112,942","12,849,131",3285,3899492.13,2.22011711,0.00383624,0.003,0.04820424,0.02852016,24.3756523,0.07735493,0.30874317,0.36929293,0.00273973,0.00080939,0.24725107,0.32695298,2961169,23138,84453,1182,3081,339,914,0,3
Cercopithecus neglectus,PRIMATES,Omnivore,captive,LC,GCA_004027615.1,NA,"9,789","10,270",4232.248,86023626.5,1.36857055,0.00173266,0.0014,0.2657895,0.02840375,23.7288333,0.07526006,0.3625498,0.37950664,0.00796813,0.00190476,0.24335011,0.3153527,4290596,12131,121869,447,1601,91,200,0,2
Chaetophractus vellerosus,CINGULATA,Omnivore,wild,LC,GCA_004027955.1,NA,"1,606","1,606",1460,NA,2.92267232,NA,NA,NA,0.03613913,25.9263224,0.07703656,NA,NA,NA,NA,0.23793566,0.32361002,11993730,8532,433443,201,1036,NA,NA,NA,NA
Cheirogaleus medius,PRIMATES,Herbivore,captive,VU,GCA_004024725.1,NA,"90,923","118,572",2584.9082,27203656,3.84796743,0.00234781,0.0006,0.27355531,0.02691199,23.7239523,0.0732969,0.2168127,0.26114206,0.00074405,0.00077866,0.2489015,0.32373402,12028952,62420,323723,3338,8585,2623,6375,4,9
Chinchilla lanigera,RODENTIA,Herbivore,wild,EN,GCF_000276665.1,NA,"61,105","21,893,125",1825,34766494.4,10.5244611,0.00529275,0.006,0.22221006,0.03015152,22.7237726,0.06596306,0.27788104,0.30452128,0.0013947,0.00159617,0.21613935,0.30122653,20252144,114964,610633,6997,16337,598,1145,1,3
Chlorocebus sabaeus,PRIMATES,Omnivore,captive,LC,GCF_000409795.2,NA,"90,449","81,825,804",4533.4825,NA,2.11919415,0.00255982,0.0022,0.25979991,0.0285949,23.9014625,0.08788419,0.34782609,0.39110191,0,0.00258665,0.27434679,0.35421853,2985497,27930,85370,1432,3737,296,756,0,0
Choloepus didactylus,PILOSA,Herbivore,wild,LC,GCA_004027855.1,NA,"7,167","7,289",4669.36675,208311206,0.9766622,0.0021391,0.0006,0.28465883,0.05094,19.8171474,0.1411596,NA,0.53608247,NA,0,0.3030303,0.40276862,1792815,2834,91326,118,414,4,52,0,0
Choloepus hoffmanni,PILOSA,Herbivore,wild,LC,GCA_000164785.2,NA,"64,490","366,442",5095.5978,118074038,2.09242673,0.00154324,0.001,0.55331234,0.04786118,22.8561759,0.14235911,0.41509434,0.4103139,0,0.00224215,0.30615722,0.37314841,2742327,16397,131251,867,2390,220,366,1,0
Chrysochloris asiatica,AFROSORICIDA,Carnivore,wild,LC,GCA_004027935.1,NA,"6,444","6,492",1036.55758,145686020,6.34680674,NA,NA,NA,0.04945448,24.0410618,0.08237968,NA,NA,NA,NA,0.21622833,0.2563766,13607402,21806,672947,939,2788,NA,NA,NA,NA
Colobus angolensis,PRIMATES,Herbivore,captive,VU,GCF_000951035.1,NA,"38,363","7,840,981",3864.89375,NA,2.51257639,0.00174004,0.0012,0.13666667,0.03052915,22.9804537,0.09536108,0.37396122,0.45667125,0.00138696,0.00206327,0.28332011,0.37170575,5092871,39330,155481,2003,5119,270,664,1,1
Condylura cristata,EULIPOTYPHLA,Carnivore,captive,LC,GCF_000260355.1,NA,"46,163","55,520,359",558.6411,1.85E+10,NA,NA,NA,NA,0.03470402,18.3631072,0.0725886,NA,NA,NA,NA,0.2232698,0.30965118,24987137,170198,867154,10428,25174,NA,NA,NA,NA
Craseonycteris thonglongyai,CHIROPTERA,Carnivore,wild,NT,GCA_004027555.1,NA,"23,218","25,762",2070.53103,NA,1.42454053,0.00087222,0.0006,0.36564156,0.03500415,20.4803684,0.08983192,0.48913043,0.35193133,0.01086957,0.01716738,0.26238956,0.35276081,32296941,133376,1130527,6579,18999,90,82,2,2
Cricetomys gambianus,RODENTIA,Omnivore,wild,LC,GCA_004027575.1,NA,"80,761","110,049",1040.3061,NA,5.65672537,0.00184828,0.0019,0.18556549,0.0364171,18.6936076,0.07965329,0.2831216,0.34177215,0.00181488,0.00421941,0.24586273,0.32800518,36038072,207006,1312402,12985,29461,156,405,0,1
Cricetulus griseus,RODENTIA,Herbivore,captive,LC,GCA_900186095.1,SAMN04325241,"97,133","62,039,716",589.388299,NA,9.31330153,0.00114096,0.0026,0.75748766,0.04078759,20.2549089,0.07422714,0.41336634,0.43281471,0.00990099,0.01704545,0.21981532,0.28871074,14469719,134380,590185,8355,18875,167,306,4,4
Crocidura indochinensis,EULIPOTYPHLA,Carnivore,NA,LC,GCA_004027635.1,NA,"4,927","4,929",409.171225,NA,16.9216148,0.00400048,0.0027,0.07742612,0.05974157,19.1410895,0.10006498,NA,0.47916667,NA,0,0.27365357,0.26602177,3829946,2428,228807,113,237,31,46,0,0
Cryptoprocta ferox,CARNIVORA,Carnivore,captive,VU,GCA_004023885.1,NA,"128,639","173,473",2555,188594.666,1.21640241,0.00142852,0.0014,0.1147939,0.02457157,25.3862307,0.06126469,0.26122449,0.32881356,0,0.00451977,0.21655539,0.31563749,14661131,71272,360247,3716,10260,128,291,1,0
Ctenodactylus gundi,RODENTIA,Herbivore,wild,LC,GCA_004027205.1,NA,"218,543","354,548",824.2155,NA,8.27374556,0.00212671,0.0018,0.08400223,0.03761189,20.1529637,0.07765983,0.31830986,0.38917337,0.00140845,0.00292612,0.24763255,0.32936238,46347367,394697,1743212,24186,57049,226,532,1,1
Ctenomys sociabilis,RODENTIA,Herbivore,captive,CR,GCA_004027165.1,NA,"37,562","49,073",600.93415,NA,4.77277568,0.00045567,0.0004,0.7915735,0.03785253,25.5523931,0.07607027,0.26923077,0.46994536,0,0.01111111,0.22818319,0.30485984,28905992,87805,1094165,4664,14100,7,86,0,0
Cuniculus paca,RODENTIA,Herbivore,wild,LC,GCA_004365215.1,NA,"3,890","3,892",2097.4631,603126236,2.65622601,0.0056986,0.0075,0.12434596,0.03410776,22.8299598,0.0680981,0.30666667,0.31306306,0.00671141,0,0.22891823,0.29465396,14112623,17593,481350,683,2292,46,139,0,1
Dasyprocta punctata,RODENTIA,Omnivore,captive,LC,GCA_004363535.1,NA,"38,650","43,703",1683.36075,43884136.7,6.39755612,0.00541289,0.0011,0.12602343,0.03126027,24.0362832,0.06924459,0.22070313,0.3100941,0.00292969,0.0017116,0.22669608,0.30830674,21551766,72029,673714,3658,10505,226,725,0,3
Dasypus novemcinctus,CINGULATA,Carnivore,NA,LC,GCF_000208655.1,SAMN15762694,"26,277","1,687,935",1825,347924054,2.0124519,0.0029352,0.002,0.22738023,0.03799742,25.0222524,0.08851214,0.32394366,0.48837209,0,0,0.26712955,0.36577436,21690185,101007,824171,6118,14668,23,63,0,0
Daubentonia madagascariensis,PRIMATES,Omnivore,wild,EN,GCA_004027145.1,NA,"298,834","379,919",2920,5649373.46,1.30669764,0.0006939,0.0005,0.4581661,0.02297946,24.8237509,0.06335036,0.33806818,0.43893591,0.002849,0.00241838,0.24329941,0.32356843,28298146,189111,650276,10464,26119,119,363,0,1
Delphinapterus leucas,CETARTIODACTYLA,Carnivore,captive,LC,GCF_002288925.1,NA,"159,142","19,885,328",5659.8752,NA,0.01623446,0.00090743,0.0006,0.16487324,0.03672908,22.9283464,0.12268821,NA,0.57142857,NA,0.02380952,0.32081911,0.37771641,1579212,12987,58003,837,1856,1,24,0,0
Desmodus rotundus,CHIROPTERA,Carnivore,captive,LC,GCA_002940915.2,NA,"80,250","26,869,735",2779.7975,NA,6.97278148,0.00694638,0.0075,0.04329687,0.02729649,24.9522483,0.06611928,0.25128381,0.31888212,0.00273973,0.00179211,0.21568547,0.31680002,22564987,132584,615945,7346,19445,734,1780,3,8
Dicerorhinus sumatrensis,PERISSODACTYLA,Herbivore,wild,CR,GCA_002844835.1,NA,"89,455","614,498",7300,623711.519,0.99865243,0.00143484,0.0014,0.35790723,0.03114205,22.8149669,0.09187638,0.37030995,0.44233687,0,0.00379363,0.27555074,0.35500354,8921346,63886,277829,3893,8913,227,583,1,0
Diceros bicornis,PERISSODACTYLA,Herbivore,wild,CR,GCA_004027315.1,NA,"87,375","115,504",6205,1259663.02,0.85259301,0.00160248,0.001,0.1857044,0.03655407,21.3771607,0.10671396,0.34799235,0.41792369,0,0.0008881,0.29117996,0.36807193,3466946,21304,126731,1147,3036,182,471,0,0
Dinomys branickii,RODENTIA,Herbivore,NA,LC,GCA_004027595.1,NA,"64,805","77,918",2673.84419,NA,1.12946669,0.00045156,0.0004,0.62706748,0.03142194,24.1422971,0.08122527,0.38686131,0.47368421,0.00729927,0,0.24379711,0.32088212,33791387,148943,1061791,8831,21365,53,144,1,1
Dipodomys ordii,RODENTIA,Omnivore,NA,LC,GCF_000151885.1,NA,"48,087","11,931,245",1142.08425,1017522775,NA,NA,NA,NA,0.03957472,17.9941553,0.06771077,NA,NA,NA,NA,0.18806024,0.26176684,3035675,14223,120136,786,2045,NA,NA,NA,NA
Dipodomys stephensi,RODENTIA,Omnivore,NA,VU,GCA_004024685.1,NA,"30,710","36,811",824.7267,28524445.4,4.98968815,0.00142121,0.0006,0.29888287,0.03283482,23.1341805,0.06305008,0.20408163,0.22859361,0.00061275,0.00110963,0.20652913,0.26761309,5077720,13022,166726,638,1869,1000,2061,4,3
Dolichotis patagonum,RODENTIA,Herbivore,captive,NT,GCA_004027295.1,NA,"27,983","31,026",1675.8343,NA,5.79860854,0.00368481,0.0076,0.37882859,0.03252384,24.4294742,0.07214263,0.2574103,0.34055944,0.00156006,0.0027972,0.21414012,0.30457332,20817713,70702,677072,3883,10766,165,487,1,1
Echinops telfairi,AFROSORICIDA,Carnivore,captive,LC,GCF_000313985.1,NA,"20,428","45,764,842",1967.0915,NA,6.44782411,0.00350463,0.004,0.17613538,0.04821761,17.1117739,0.10072004,0.31239936,0.35512442,0.00885668,0.00253378,0.25488705,0.33093489,11095947,83065,535020,5659,11745,388,842,2,11
Eidolon helvum,CHIROPTERA,Herbivore,wild,NT,GCA_000465285.1,NA,"12,668","27,684",1825,NA,6.40808,0.00589309,0.0025,0.01607607,0.03079422,21.8099769,0.08694606,0.2074199,0.28043991,0.00168919,0.00392773,0.24871407,0.34033538,14974467,34590,461127,1698,4650,123,357,2,1
Elaphurus davidianus,CETARTIODACTYLA,Herbivore,captive,CR,GCA_002443075.1,SAMN08014286,"59,950","2,844,142",3530.65,NA,1.93849587,0.00129031,0.0006,0.49997633,0.02626513,27.0498441,0.05946389,0.36363636,0.32790224,0.0030303,0.00203666,0.21587318,0.29696829,8409858,53231,220886,2951,7424,120,161,0,1
Elephantulus edwardii,MACROSCELIDEA,Carnivore,wild,LC,GCA_004027355.1,NA,"24,219","17,713",750.226167,211076106,11.4058994,0.00322691,0.002,0.11661806,0.04093975,26.7974832,0.0727005,NA,NA,NA,NA,0.24550032,0.28675954,24952202,148261,1021537,8825,20226,NA,NA,NA,NA
Ellobius lutescens,RODENTIA,Herbivore,captive,LC,GCA_001685075.1,NA,"11,648","242,123",766.22453,NA,8.59195496,0.00715341,0.0017,0.17226055,0.04498499,19.3014021,0.12312075,0.46229508,0.49324324,0.01650165,0.01013514,0.27182998,0.3653355,9456331,37138,425393,2239,5164,141,292,1,5
Ellobius talpinus,RODENTIA,Herbivore,captive,LC,GCA_001685095.1,NA,"8,259","15,246",589.388299,NA,6.27220413,0.00161171,0.0006,0.22266068,0.04339245,20.1432442,0.12347275,0.40322581,0.37096774,0.00537634,0.00268817,0.30657063,0.36007675,8595228,21070,372968,1348,2936,75,138,0,1
Enhydra lutris,CARNIVORA,Carnivore,wild,EN,GCF_002288905.1,NA,"244,529","38,751,465",5475,NA,0.38313719,0.00063031,0.0006,0.51301074,0.03259753,22.8465034,0.08234234,0.33519553,0.43801653,0.00558659,0,0.22817157,0.30762091,6706397,49496,218612,2854,7188,60,159,0,1
Eptesicus fuscus,CHIROPTERA,Carnivore,wild,LC,GCF_000308155.1,NA,"21,392","13,454,942",2400.9362,NA,NA,NA,NA,NA,0.02789987,24.7646576,0.06075158,NA,NA,NA,NA,0.23098563,0.30329285,7776525,50330,216964,3128,7006,NA,NA,NA,NA
Equus asinus,PERISSODACTYLA,Herbivore,domestic,LC,GCF_001305755.1,SAMN08904660,"66,737","3,776,412",3041.70156,NA,1.4465898,0.00202603,0.0016,0.0399119,0.03094659,22.9914351,0.09324662,0.30706522,0.4287812,0,0.00440529,0.27985371,0.33477141,3078691,19592,95275,1292,2861,113,292,0,0
Equus caballus,PERISSODACTYLA,Herbivore,domestic,LC,GCF_000002305.2,NA,"112,381","46,749,900",2847,NA,3.27899707,0.00706802,0.00175,0.00336174,0.03929582,21.9171603,0.15099715,0.35378323,0.43824337,0.00204499,0,0.34012539,0.42345924,349681,2537,13741,157,350,173,479,0,1
Equus przewalskii,PERISSODACTYLA,Herbivore,captive,EN,GCF_000696695.1,SAMEA5374052,"57,610","513,800",2847,NA,2.81614637,0.00254939,0.0015,0.06095224,0.04014479,21.9107016,0.17470047,0.36462882,0.39404762,0,0.00357569,0.38533541,0.43386628,355837,2451,14285,170,363,167,331,0,0
Erinaceus europaeus,EULIPOTYPHLA,Omnivore,NA,LC,GCF_000296755.1,NA,"21,359","3,264,618",1608.5234,393808992,NA,NA,NA,NA,0.04057425,20.4205889,0.08543044,NA,NA,NA,NA,0.24873724,0.31973448,25560053,233100,1037080,17559,32488,NA,NA,NA,NA
Erythrocebus patas,PRIMATES,Omnivore,captive,NT,GCA_004027335.1,NA,"28,523","34,535",3529.3359,1806566.93,1.20835244,0.00205865,0.0018,0.05004087,0.03067874,23.6309871,0.08589828,0.31463415,0.37946429,0.00731707,0.00178571,0.2512672,0.34048816,2982130,12367,91488,471,1574,129,425,1,3
Eschrichtius robustus,CETARTIODACTYLA,Carnivore,wild,LC,GCA_004363415.1,NA,"68,559","94,414",10444.3345,NA,0.18508689,0.00073898,0.0006,0.314649,0.03626767,22.6429026,0.124445,0.40888889,0.42475728,0.01333333,0,0.30638222,0.39698031,3662435,20113,132828,1182,2988,92,175,1,3
Eubalaena japonica,CETARTIODACTYLA,Carnivore,wild,EN,GCA_004363455.1,NA,"34,866","39,813",9704.4375,NA,0.62765703,0.00191839,0.001,0.19245963,0.03615892,23.0159894,0.1223548,0.3556231,0.40693196,0,0.00514139,0.32748538,0.39658747,4700942,22421,169981,1310,2954,117,317,1,0
Eulemur flavifrons,PRIMATES,Herbivore,captive,CR,GCA_001262665.1,NA,"27,331","413,352",2920,NA,3.38875297,0.00208996,0.0012,0.16376064,0.02970923,23.3954191,0.07724858,0.30955121,0.37153958,0.00115075,0.00388727,0.24340495,0.29659643,3241653,20332,96307,1264,2821,269,765,0,1
Eulemur fulvus,PRIMATES,Herbivore,captive,VU,GCA_004027275.1,NA,"21,310","22,561",2920,5670073.24,3.6617502,0.00668578,0.0063,0.01095415,0.02627162,26.0076355,0.06817338,0.26806527,0.2987234,0.0011655,0.00085106,0.25396825,0.29735034,3301623,8057,86739,336,1021,230,702,2,1
Felis catus,CARNIVORA,Carnivore,domestic,LC,GCF_000181335.2,SAMN00115879,"45,189","18,072,971",2905.4,NA,2.80621526,0.00192689,0.0041,0.57605856,0.02314763,29.1395253,0.05794278,NA,NA,NA,NA,0.20515329,0.29415574,2023231,7824,46833,447,1049,NA,NA,NA,NA
Felis nigripes,CARNIVORA,Carnivore,captive,VU,GCA_004023925.1,NA,"16,007","18,631",1685.3793,NA,1.20753222,0.00068493,0.0006,0.43377792,0.02575435,25.7922937,0.07503025,0.36363636,0.40625,0.04545455,0,0.25143678,0.29885787,2055808,2368,52946,136,310,8,26,0,1
Fukomys damarensis,RODENTIA,Omnivore,captive,LC,GCF_000743615.1,NA,"44,830","5,314,287",2023.30978,NA,3.67572813,0.00118682,0.0008,0.38590884,0.0340323,24.8788858,0.0903066,0.35220126,0.41080196,0.00314465,0.00163934,0.26238656,0.34297286,33552483,160640,1141868,10562,22212,112,251,0,1
Galeopterus variegatus,DERMOPTERA,Herbivore,wild,LC,GCA_004027255.1,NA,"34,666","7,885,395",2840.44164,NA,2.86724523,0.00433487,0.0068,0.28202957,0.03598703,22.0624066,0.08422348,0.28590604,0.36134046,0.00134228,0.00145843,0.27216018,0.35398198,29644570,177680,1066820,10271,24110,213,744,0,1
Giraffa tippelskirchi,CETARTIODACTYLA,Herbivore,wild,EN,GCA_001651235.1,NA,"47,894","212,164",5251.01167,NA,0.88033227,0.00110468,0.0005,0.35569124,0.03447963,22.2048455,0.08432155,0.40358744,0.37606838,0,0,0.23029164,0.31403153,5982663,35733,206280,2006,4903,90,176,0,0
Glis glis,RODENTIA,Omnivore,wild,LC,GCA_004027185.1,NA,"26,062","30,338",1152.9402,1.06E+10,0.05197044,0.00070358,0.0006,0.09407757,0.02935188,22.5279245,0.05985283,NA,0.5862069,NA,0,0.23748869,0.29586936,17407133,48198,510932,2282,6372,3,17,0,0
Gorilla gorilla,PRIMATES,Herbivore,captive,CR,GCA_900006655.3,NA,"9,406,846","20,634,945",8030,369164.599,0.50331275,0.00529792,0.0045,0.01848236,0.03147017,22.7889321,0.1037584,0.39259259,0.42553191,0.00740741,0.01022147,0.29267416,0.37418411,5088660,45896,160141,2278,5518,159,500,2,3
Graphiurus murinus,RODENTIA,Omnivore,captive,LC,GCA_004027655.1,NA,"22,138","28,463",879.124225,426383697,14.7337559,0.00234642,0.007,0.6309885,0.02868307,23.2333026,0.062725,0.29166667,0.26298157,0,0.00167504,0.24439228,0.30407374,24913409,70259,714593,3495,10011,56,157,0,0
Helogale parvula,CARNIVORA,Omnivore,captive,LC,GCA_004023845.1,NA,"113,567","179,119",1776.16778,NA,3.79071271,0.00111729,0.0016,0.5242013,0.0283357,24.2449029,0.07462083,0.32270916,0.35097493,0.00398406,0.00417827,0.25060349,0.31357514,7308624,33317,207095,1998,4760,81,252,0,1
Hemitragus hylocrius,CETARTIODACTYLA,Herbivore,NA,EN,GCA_004026825.1,NA,"66,552","85,340",2302.78027,NA,0.9875455,0.00067768,0.0004,0.80876274,0.03173425,25.060374,0.08399886,0.375,0.42944785,0,0.01851852,0.2373927,0.30824108,2105643,10975,66821,611,1571,30,70,0,0
Heterocephalus glaber,RODENTIA,Herbivore,captive,LC,GCF_000247695.1,NA,"47,778","20,532,749",2023.30978,1.47E+10,2.26443339,0.00107597,0.0006,0.3008282,0.04480138,23.2548654,0.11432877,0.4929972,0.48104956,0.01404494,0.01167883,0.28118371,0.34347055,17196523,137297,770428,9330,20741,176,330,1,5
Heterohyrax brucei,HYRACOIDEA,Herbivore,captive,LC,GCA_004026845.1,NA,"62,841","67,904",2139.1548,4.00E+10,3.39825065,0.00478825,0.0045,0.06823986,0.03525222,21.4159015,0.07692129,0.24075666,0.31904984,0,0.00186393,0.23522184,0.30233329,5393845,20004,190145,1265,2802,280,685,1,0
Hippopotamus amphibius,CETARTIODACTYLA,Herbivore,captive,VU,GCA_004027065.1,NA,"76,609","4,444,377",3650,8988031.56,2.52897185,0.003224,0.002,0.19073293,0.02624783,25.3913529,0.07671053,0.31958763,0.36,0.00343643,0.00190476,0.26936549,0.35942099,29488686,152274,774014,7977,22073,186,378,0,2
Hipposideros armiger,CHIROPTERA,Carnivore,wild,LC,GCA_001890085.1,NA,"39,863","2,328,177",1834.2256,NA,3.6933584,0.00265067,0.002,0.08040712,0.02798894,23.7276177,0.08229547,0.28604651,0.36780488,0,0.00390244,0.25093747,0.33664776,8871968,60023,248317,3546,8102,123,377,1,0
Hipposideros galeritus,CHIROPTERA,Carnivore,wild,LC,GCA_004027415.1,NA,"33,704","37,985",1834.2256,NA,3.4166881,0.00463758,0.005,0.0926525,0.03021978,24.1158613,0.07768094,0.27236315,0.30482839,0.00534045,0.00291375,0.24349168,0.32143466,13603707,51173,411101,2527,7047,204,524,1,4
Homo sapiens,PRIMATES,Omnivore,domestic,LC,GCA_000001405.27,short-read data not used,"56,413,054","67,794,873",9125,NA,NA,NA,NA,NA,0.03471356,21.8592775,NA,NA,NA,NA,NA,NA,NA,3719209,NA,129107,NA,NA,NA,NA,NA,NA
Hyaena hyaena,CARNIVORA,Carnivore,captive,NT,GCA_004023945.1,NA,"51,677","66,490",3351.04263,NA,0.99353543,0.00124806,0.001,0.28296044,0.02424007,24.7266758,0.05978316,0.27884615,0.36651584,0,0,0.22905276,0.32044563,23705461,76225,574622,3298,10160,58,162,0,0
Hydrochoerus hydrochaeris,RODENTIA,Herbivore,wild,LC,GCA_004027455.1,NA,"148,451","202,224",2030.35395,1595100791,1.19548058,0.00097824,0.001,0.19165429,0.0350082,24.2955774,0.08740239,0.35904255,0.45043915,0.00531915,0.00376884,0.23607734,0.32466079,22080228,116487,772989,7024,17361,135,359,1,2
Hystrix cristata,RODENTIA,Omnivore,captive,LC,GCA_004026905.1,NA,"57,102","64,768",2713.29805,NA,2.26382753,0.00430313,0.0046,0.01943505,0.0282553,24.8151153,0.06810961,0.2960644,0.3599704,0.00447227,0.00222058,0.23706605,0.31598747,53919964,246019,1523525,14613,36003,331,973,2,5
Ictidomys tridecemlineatus,RODENTIA,Omnivore,captive,LC,GCF_000236235.1,NA,"44,137","8,192,786",1059.5661,NA,15.966362,0.00401344,0.0005,0.29006935,0.02934928,24.9867474,0.06660352,0.41619586,0.37019641,0.0131951,0.01197605,0.22129837,0.29636982,7437969,41300,218299,2511,6299,442,867,3,14
Indri indri,PRIMATES,Herbivore,wild,CR,GCA_004363605.1,NA,"26,447","28,620",4015,419541.401,2.41834465,0.00536382,0.0058,0.19723469,0.02813763,23.8325803,0.07537404,0.27408257,0.34168988,0.00344037,0.00185787,0.24425179,0.3414445,9608167,39737,270351,1777,5531,239,736,0,3
Inia geoffrensis,CETARTIODACTYLA,Carnivore,wild,EN,GCA_004363515.1,NA,"24,570","26,707",4840.09,NA,0.55523531,0.00084139,0.0005,0.360441,0.03591078,22.5456511,0.11148311,0.31333333,0.47787611,0,0.00442478,0.30210412,0.38219731,9020772,40996,323943,2166,5758,47,108,0,0
Jaculus jaculus,RODENTIA,Herbivore,captive,LC,GCF_000280705.1,NA,"15,675","22,080,993",919.8561,NA,10.1415975,0.00455942,0.0045,0.00716237,0.04699827,19.4390707,0.07833233,0.27992634,0.32064376,0.00245851,0.00557794,0.21683693,0.28537988,14085264,98802,661983,5861,14050,456,1036,3,4
Kogia breviceps,CETARTIODACTYLA,Carnivore,wild,LC,GCA_004363705.1,NA,"26,201","28,812",4380,NA,1.62277183,0.00670646,0.007,0.01291196,0.0349233,22.6724754,0.11019385,0.27822581,0.33055941,0.00201816,0.00277521,0.30017268,0.38590319,10805450,40950,377362,2125,5895,276,715,0,2
Lasiurus borealis,CHIROPTERA,Carnivore,wild,LC,GCA_004026805.1,NA,"35,165","38,543",2051.66621,NA,6.28065202,0.00715341,0.0006,0.43730378,0.04700051,19.3951517,0.0839734,0.19290123,0.26157011,0.00462963,0.00377229,0.2305821,0.29205731,7195390,16008,338187,981,2089,250,763,0,6
Lemur catta,PRIMATES,Omnivore,captive,EN,GCA_004024665.1,NA,"158,439","215,715",2920,13282420.5,3.33155261,0.00341765,0.002,0.19529085,0.0258915,23.6918826,0.07439327,0.27821522,0.34914986,0.00087489,0.00039557,0.2504133,0.33707375,10579264,66576,273913,3642,9102,318,883,0,1
Leptonychotes weddellii,CARNIVORA,Carnivore,wild,LC,GCF_000349705.1,NA,"23,664","904,031",4015,NA,NA,NA,NA,NA,0.03309312,23.9923153,0.10088572,NA,NA,NA,NA,0.28696669,0.36334633,2822762,13769,93414,643,1755,NA,NA,NA,NA
Lepus americanus,LAGOMORPHA,Omnivore,NA,LC,GCA_004026855.1,NA,"15,057","16,725",1105.95,950118122,6.71965676,0.00413877,0.003,0.06947097,0.02893772,27.5062625,0.06088591,0.25277778,0.31496882,0.00833333,0.002079,0.22121685,0.28177659,11765369,22439,340463,1048,2925,91,303,1,3
Lipotes vexillifer,CETARTIODACTYLA,Carnivore,NA,CR,GCF_000442215.1,no data available,"31,902","2,419,148",4840.09,NA,NA,NA,NA,NA,0.03520336,23.3398052,0.11866614,NA,NA,NA,NA,0.31219372,0.38951685,7898223,60779,278044,3659,8724,NA,NA,NA,NA
Loxodonta africana,PROBOSCIDEA,Herbivore,wild,EN,GCF_000001905.1,SAMN15049832,"69,023","46,401,353",9125,28447695,1.05657978,0.00245532,0.0008,0.14158165,0.03903756,18.4695735,0.09106165,0.42462312,0.42965204,0.00251256,0.00151286,0.26144949,0.35384204,23379560,169846,912681,9955,24881,169,284,0,1
Lycaon pictus,CARNIVORA,Carnivore,wild,EN,GCA_001887905.1,NA,"5,555","63,240,551",2034.717,105396.758,0.14267788,0.00259262,0.0022,0.01052697,0.03303701,23.9412196,0.08870887,NA,0.62962963,NA,0,0.24125874,0.30347271,1807579,9314,59717,577,1187,14,34,0,0
Macaca fascicularis,PRIMATES,Omnivore,captive,VU,GCF_000364345.1,NA,"86,040","88,649,475",5076.8362,109857395,1.9941141,0.00434966,0.0045,0.02799581,0.02942004,24.1984272,0.07950832,0.29162358,0.37390097,0.00568769,0.00208382,0.24649384,0.33489377,849251,7752,24985,384,1068,564,1616,1,11
Macaca mulatta,PRIMATES,Omnivore,wild,LC,GCF_000772875.2,SAMN00113489,"107,156","4,193,270",5058.9,72888674.3,1.82944886,0.00554396,0.0058,0.00745999,0.03199135,24.5365125,0.08828715,0.2834293,0.35412294,0.0006402,0.0030012,0.28517541,0.35129085,1152124,9551,36858,549,1308,443,1181,2,1
Macaca nemestrina,PRIMATES,Omnivore,captive,VU,GCF_000956065.1,NA,"106,897","15,219,753",4015,19553496.7,NA,NA,NA,NA,0.0322782,22.8024153,0.09470405,NA,NA,NA,NA,0.29313017,0.3537368,1685100,15488,54392,778,1957,NA,NA,NA,NA
Macroglossus sobrinus,CHIROPTERA,Herbivore,wild,LC,GCA_004027375.1,NA,"338,389","453,401",1553.79087,NA,4.70229029,0.00259465,0.0007,0.26527321,0.03289223,21.0297385,0.08684832,0.30537772,0.35243798,0.00384123,0.00128315,0.25452178,0.33143788,19499045,122668,641367,7831,17264,477,824,1,6
Mandrillus leucophaeus,PRIMATES,Omnivore,NA,EN,GCF_000951045.1,NA,"31,346","3,186,748",3650,NA,3.49761009,0.00260813,0.001,0.04468977,0.02730882,24.1152919,0.07726753,0.33778858,0.38149351,0.00486618,0.0021645,0.24559387,0.33966654,3018512,18965,82432,881,2454,278,705,0,4
Manis javanica,PHOLIDOTA,Carnivore,wild,CR,GCF_001685135.1,NA,"38,922","204,728",1825,NA,4.88643915,0.00278216,0.0022,0.12237922,0.04397723,18.5369657,0.12389085,0.3494898,0.37780401,0.00510204,0.00236128,0.28743152,0.35274014,6396310,36833,281292,2438,5518,274,640,0,4
Manis pentadactyla,PHOLIDOTA,Carnivore,NA,CR,GCA_000738955.1,NA,"28,718","117,920",1825,NA,3.27639117,0.00193404,0.0006,0.41046818,0.03458827,22.4764158,0.11261089,0.625,0.51044084,0.01094891,0.01647059,0.28662115,0.35252201,8741924,29517,302368,1670,4407,175,220,8,3
Marmota marmota,RODENTIA,Omnivore,wild,LC,GCF_001458135.1,SAMEA5577696,"66,492","31,340,621",2506.4968,85720450.4,1.44418135,0.00091127,0.0005,0.60264836,0.02899409,26.2993013,0.07874512,0.5212766,0.57847534,0,0.0044843,0.23006135,0.30862963,7830666,40491,227043,2264,5636,98,129,2,0
Megaderma lyra,CHIROPTERA,Carnivore,wild,LC,GCA_004026885.1,NA,"71,674","96,489",1985.8012,NA,2.4916828,0.00163614,0.0016,0.14529159,0.03013588,22.9179591,0.07292177,0.28834356,0.33633904,0.00460123,0.00450857,0.25409112,0.33520288,32156418,232782,969062,14857,32207,188,373,0,3
Mellivora capensis,CARNIVORA,Omnivore,wild,LC,GCA_004024625.1,NA,"50,213","59,143",3570.785,NA,1.82509628,0.00298303,0.003,0.10965029,0.0303513,22.9390289,0.07541671,0.26908636,0.32715095,0.00500626,0.00412159,0.24175102,0.31660093,11192306,49361,339701,2475,7058,215,635,0,4
Meriones unguiculatus,RODENTIA,Herbivore,captive,LC,GCA_004026785.1,NA,"69,839","100,883",503.8875,NA,14.3334061,0.00064554,0.0002,0.72953233,0.03079015,23.7018402,0.06052298,0.30994152,0.29019608,0.01754386,0.00787402,0.2022174,0.26375013,10641714,54893,327660,3492,7853,53,74,0,3
Mesocricetus auratus,RODENTIA,Omnivore,captive,VU,GCF_000349665.1,NA,"22,511","12,753,307",787.9135,NA,2.62070762,0.00101088,0.0005,0.66536927,0.0334302,21.703969,0.06651611,0.56435644,0.47337278,0.01980198,0.00595238,0.22560883,0.2998808,26084830,148945,872021,8402,21331,114,80,1,4
Mesoplodon bidens,CETARTIODACTYLA,Carnivore,wild,LC,GCA_004027085.1,NA,"28,959","33,532",6460.5,NA,0.61892635,0.00175119,0.0015,0.07556026,0.03678917,23.0136161,0.10438253,0.60531136,0.59063893,0.01680672,0.0143613,0.29539898,0.36136622,4017025,15904,147783,919,2210,661,795,10,18
Microcebus murinus,PRIMATES,Omnivore,captive,LC,GCA_000165445.3,SAMN03121888,"210,702","108,171,978",2053.5145,56265893.6,6.63142659,0.00470608,0.0054,0.25573646,0.02398346,30.2476632,0.05771033,0.25182724,0.29334758,0.00199468,0.00213732,0.21763018,0.30226563,10441736,63266,250429,3147,8370,379,1098,0,3
Microgale talazaci,AFROSORICIDA,Carnivore,wild,LC,GCA_004026705.1,NA,"56,946","65,143",918.033467,NA,7.78250307,0.00461713,0.0052,0.08075218,0.04252647,21.5249289,0.08086597,0.25287356,0.29897567,0.00143678,0.00256082,0.24983885,0.32518166,30001056,101109,1275839,5166,14518,176,467,1,1
Micronycteris hirsuta,CHIROPTERA,Carnivore,wild,LC,GCA_004026765.1,NA,"62,961","68,868",2064.27635,NA,4.06114978,0.00469223,0.0055,0.15871657,0.02928857,24.1917557,0.06883812,0.22442455,0.29640063,0.00191939,0.00187852,0.22576721,0.31874483,22721800,109673,665489,5819,16709,351,947,1,3
Microtus ochrogaster,RODENTIA,Herbivore,captive,LC,GCF_000317375.1,NA,"21,250","17,270,019",615.4024,2.91E+10,25.2022302,0.00538527,0.0102,0.34475174,0.03671769,21.130731,0.0679332,0.2580429,0.28118467,0.00402955,0.00278746,0.21411917,0.2814216,14633356,107762,537303,6079,15365,385,807,1,6
Miniopterus natalensis,CHIROPTERA,Carnivore,wild,LC,GCF_001595765.1,NA,"29,777","4,315,193",1995.6986,NA,2.59769094,0.00134344,0.0008,0.20521038,0.02652251,26.5902651,0.06754898,0.25835866,0.37285714,0,0.00142857,0.23530697,0.31630435,2659213,12545,70529,746,1753,85,261,0,0
Miniopterus schreibersii,CHIROPTERA,Carnivore,wild,VU,GCA_004026525.1,NA,"82,539","108,707",1995.6986,NA,2.51335124,0.00088121,0.0005,0.38554642,0.02885796,22.8373777,0.06920095,0.29613734,0.36626506,0,0.00481928,0.19485174,0.28891778,1655141,7703,47764,437,1063,69,152,0,0
Mirounga angustirostris,CARNIVORA,Carnivore,wild,LC,GCA_004023865.1,NA,"52,833","64,640",3184.47292,NA,0.44709646,0.00035631,0.0004,0.62263812,0.03127534,24.281319,0.09344108,0.37931034,0.39393939,0,0.00757576,0.27693116,0.37670293,3379947,15052,105709,741,2129,22,52,0,0
Mirza coquereli,PRIMATES,Omnivore,captive,EN,GCA_004024645.1,NA,"60,596","79,947",1825,6297508.54,4.24232946,0.00371289,0.0008,0.10946039,0.02660354,24.9789791,0.06805446,NA,NA,NA,NA,0.22449196,0.31803087,8919829,34341,237299,1583,4825,NA,NA,NA,NA
Monodon monoceros,CETARTIODACTYLA,Carnivore,wild,LC,GCA_004026685.1,NA,"67,024","86,766",8760,NA,0.18065946,0.00086906,0.0006,0.14871989,0.03900714,22.2515776,0.13668119,0.32394366,0.45017182,0,0,0.34323923,0.39708847,1568431,7588,61180,523,1104,46,131,0,0
Mormoops blainvillei,CHIROPTERA,Carnivore,wild,LC,GCA_004026545.1,NA,"142,682","156,292",2070.53103,NA,4.65534641,0.00410376,0.0041,0.06492233,0.0260642,25.6740721,0.06537806,0.2232436,0.29068241,0.00459921,0.00065617,0.21824672,0.32237858,32026687,157226,834750,9316,23738,340,886,1,7
Moschus moschiferus,CETARTIODACTYLA,Herbivore,captive,VU,GCA_004024705.1,NA,"34,798","47,482",2190,NA,2.12999458,0.00145075,0.001,0.3123351,0.02987046,24.9089976,0.07518562,0.33149171,0.39641657,0.00276243,0.0055991,0.24972622,0.32130007,15126283,72002,451829,3901,9615,120,354,1,1
Mungos mungo,CARNIVORA,Carnivore,wild,LC,GCA_004023785.1,NA,"180,702","236,501",1719.88,269889550,4.07598548,0.00247901,0.0013,0.10300493,0.02670495,25.4622722,0.06965078,0.30102623,0.34841394,0,0.00416017,0.22332161,0.30962666,7170955,38172,191500,2101,5223,264,670,2,0
Murina feae,CHIROPTERA,Carnivore,wild,LC,GCA_004026665.1,NA,"23,400","26,051",1825,NA,4.06103305,0.00319244,0.0014,0.08831832,0.03432823,22.6812964,0.07325391,0.24539877,0.2923173,0.00153374,0.00124922,0.23342958,0.32493947,17593160,55724,603942,2514,8507,160,468,1,1
Mus caroli,RODENTIA,Omnivore,captive,LC,GCA_900094665.2,NA,"30,916","122,627,250",628.295,NA,2.39036051,0.00027285,0.0004,0.90982329,0.03610216,23.1812663,0.06587947,NA,NA,NA,NA,0.20946569,0.26977277,8959602,63620,323461,3989,9161,NA,NA,NA,NA
Mus musculus,RODENTIA,Omnivore,wild,LC,GCF_000001635.26,SAMD00271536,"32,813,180","54,517,951",628.295,NA,NA,NA,NA,NA,0.03725074,23.6700526,0.07036443,NA,NA,NA,NA,0.19223794,0.2317918,3766127,10362,140291,766,1332,NA,NA,NA,NA
Mus pahari,RODENTIA,Omnivore,captive,LC,GCA_900095145.2,NA,"29,465","111,406,228",628.295,NA,NA,0.00465656,0.0011,0.99034947,0.03477721,22.8104097,0.06981808,NA,NA,NA,NA,0.2231205,0.28004278,17691472,130202,615260,8108,17996,NA,NA,NA,NA
Mus spretus,RODENTIA,Omnivore,captive,LC,GCA_001624865.1,SAMEA1529956,"17,887","131,945,496",628.295,NA,0.56118428,0.00038895,0.0004,0.83336882,0.03934985,22.7256026,0.07700134,0.60465116,0.67592593,0.00775194,0.02777778,0.20851421,0.27111668,4342304,33462,170869,2051,4682,78,73,0,1
Muscardinus avellanarius,RODENTIA,Omnivore,wild,LC,GCA_004027005.1,NA,"44,294","59,013",874.73125,NA,1.44306931,0.00030312,0.0005,0.83885951,0.03051447,23.191778,0.07160239,0.19047619,0.41025641,0,0,0.2373468,0.32520335,35584556,121797,1085844,6008,16711,4,16,0,0
Mustela putorius,CARNIVORA,Carnivore,domestic,LC,GCF_000239315.1,NA,"66,755","9,567,452",1652.46438,6279399.27,2.42985451,0.00091873,0.0006,0.72132732,0.02489075,25.9384886,0.05734081,0.40506329,0.44871795,0,0.00854701,0.20633079,0.29263266,13071882,66391,325369,3588,9542,64,105,3,0
Myocastor coypus,RODENTIA,Herbivore,wild,LC,GCA_004027025.1,NA,"28,446","35,982",1311.7152,938436078,3.74144533,0.00148808,0.0014,0.24540423,0.03964641,23.5056406,0.08009514,0.28333333,0.4067086,0,0.00419287,0.2330693,0.31202683,23038860,66267,913408,3007,9921,51,194,0,0
Myotis brandtii,CHIROPTERA,Carnivore,wild,LC,GCF_000412655.1,NA,"23,289","3,225,832",2106.6285,NA,NA,0.00126953,0.0006,NA,0.02957629,27.9783553,0.07591313,NA,NA,NA,NA,0.23558705,0.30899471,4326134,15936,127951,857,2250,NA,NA,NA,NA
Myotis davidii,CHIROPTERA,Carnivore,wild,LC,GCF_000327345.1,NA,"15,182","3,454,484",2106.6285,NA,NA,NA,NA,NA,0.03464523,22.5371247,0.08380236,NA,NA,NA,NA,0.24302542,0.32678188,6355046,24198,220172,1360,3538,NA,NA,NA,NA
Myotis lucifugus,CHIROPTERA,Carnivore,wild,LC,GCF_000147115.1,SAMN10575089,"64,330","4,293,315",4117.2,NA,NA,NA,NA,NA,0.02974265,27.615507,0.07512214,NA,NA,NA,NA,0.2379538,0.32438563,3923995,17372,116710,1077,2563,NA,NA,NA,NA
Myotis myotis,CHIROPTERA,Carnivore,wild,LC,GCA_004026985.1,NA,"19,322","21,824",2847,NA,2.37774422,0.00293636,0.001,0.07038047,0.03080364,26.4048755,0.07060704,0.29137529,0.3219659,0.0046729,0.00401204,0.24704173,0.32168726,6714467,17223,206830,901,2308,125,321,0,2
Myrmecophaga tridactyla,PILOSA,Carnivore,captive,VU,GCA_004026745.1,NA,"36,434","41,255",4124.5275,13692265,1.49203047,0.00312331,0.0026,0.03477496,0.03627409,27.7717026,0.08480503,0.33098592,0.39469027,0.00469484,0.00088574,0.2409683,0.32917823,11537601,31786,418516,1434,4270,141,446,0,2
Nannospalax galili,RODENTIA,Herbivore,wild,DD,GCF_000622305.1,NA,"30,353","3,618,479",1032.92357,NA,10.253448,0.00276005,0.0014,0.1004181,0.04150126,22.2802513,0.06928255,0.29559748,0.3929099,0.00314465,0.00738552,0.23580554,0.29101521,45039233,407291,1869185,26325,56079,188,532,0,2
Nasalis larvatus,PRIMATES,Herbivore,captive,EN,GCA_004027105.1,NA,"34,532","44,943",4015,5167627.76,1.22078621,0.00127063,0.0005,0.40612716,0.03273469,22.8275808,0.09839944,0.3315508,0.41401274,0,0.00636943,0.26735784,0.3780758,3398994,15041,111265,584,1905,62,195,0,0
Neomonachus schauinslandi,CARNIVORA,Carnivore,wild,EN,GCA_002201575.1,no data available,"112,698","29,518,589",5475,NA,NA,NA,NA,NA,0.03481159,22.3897289,0.10459237,NA,NA,NA,NA,0.26280232,0.35901312,3059527,23895,106507,1349,3296,NA,NA,NA,NA
Neophocaena asiaeorientalis,CETARTIODACTYLA,Carnivore,wild,CR,GCA_003031525.1,SAMN08512128,"86,003","6,341,296",6095.5,NA,0.74790532,0.00350455,0.0024,0.04815444,0.03819972,22.7250601,0.11996597,0.34411085,0.40767386,0,0.00479616,0.27563079,0.35919583,1481189,9830,56581,562,1378,149,340,0,0
Noctilio leporinus,CHIROPTERA,Carnivore,wild,LC,GCA_004026585.1,NA,"135,651","191,494",1888.06537,NA,3.04106456,0.00030849,0.0002,0.85475495,0.03546731,21.377615,0.09517205,0.34693878,0.37619048,0,0.0047619,0.26475935,0.36042037,36777920,221122,1304414,11926,32224,34,79,1,0
Nomascus leucogenys,PRIMATES,Herbivore,wild,CR,GCF_000146795.2,SAMN02850871,"35,148","52,956,880",5475,NA,1.35614523,0.00507116,0.0042,0.01159156,0.03128556,22.4339216,0.10218634,0.36313466,0.4197731,0.00662252,0.004329,0.28952358,0.38004818,10891989,76745,340762,3456,9684,329,777,1,6
Nycticebus coucang,PRIMATES,Omnivore,wild,EN,GCA_004027815.1,NA,"17,693","19,724",2555,30098422,2.44426571,0.00211337,0.001,0.25445316,0.03468727,25.6149537,0.08380617,0.34722222,0.38041734,0.02083333,0.00643087,0.25600745,0.32685325,19928667,68009,691271,3017,9342,100,237,1,6
Ochotona princeps,LAGOMORPHA,Herbivore,wild,LC,GCF_000292845.1,NA,"42,347","26,863,993",1045.7507,1042734437,NA,NA,NA,NA,0.03891195,19.1033005,0.07266181,NA,NA,NA,NA,0.23130139,0.31315824,50477755,344711,1964188,18483,49916,NA,NA,NA,NA
Octodon degus,RODENTIA,Herbivore,captive,LC,GCF_000260255.1,NA,"19,847","12,091,372",1310.04695,75745565.6,7.58789121,0.00273668,0.0025,0.14023054,0.03793347,24.2649764,0.06925415,0.37941176,0.36783823,0.01082677,0.00675676,0.20203829,0.27829266,18319945,97980,694939,5491,14583,387,764,3,11
Odobenus rosmarus,CARNIVORA,Carnivore,wild,VU,GCF_000321225.1,NA,"89,951","2,616,778",5529.75,NA,0.74371235,0.00146923,0.001,0.0693924,0.02925542,25.8001627,0.08342228,0.32301741,0.36851852,0.00386847,0.00185185,0.25220884,0.3405656,5344309,38488,156350,2164,5457,167,398,0,2
Odocoileus virginianus,CETARTIODACTYLA,Herbivore,wild,LC,GCA_002102435.1,NA,"122,019","850,721",2713.88333,250204759,NA,NA,NA,NA,0.02910643,25.6217388,0.06888982,NA,NA,NA,NA,0.21304389,0.30321276,4449635,28471,129513,1651,4036,NA,NA,NA,NA
Okapia johnstoni,CETARTIODACTYLA,Herbivore,captive,EN,GCA_001660835.1,NA,"39,571","111,538",4764.23572,1127913,NA,NA,NA,NA,0.03464725,22.4823299,0.08656329,NA,NA,NA,NA,0.250958,0.31591261,7003413,38325,242649,2175,5053,NA,NA,NA,NA
Ondatra zibethicus,RODENTIA,Omnivore,wild,LC,GCA_004026605.1,NA,"73,746","89,093",1317.65,NA,4.77599906,0.00180924,0.0038,0.46018646,0.03654209,21.2671967,0.06847085,0.29251701,0.34008097,0.00680272,0,0.21664898,0.2937922,16380810,87760,598589,5002,12321,129,336,0,3
Onychomys torridus,RODENTIA,Omnivore,wild,LC,GCA_004026725.1,NA,"18,287","20,878",573.2886,122029468,9.43521258,0.00264422,0.0024,0.15383781,0.03458966,22.5150635,0.06591064,0.25414365,0.32349842,0.00184162,0.00210748,0.23264632,0.27761318,18026454,51839,623529,3438,6766,138,307,0,1
Orcinus orca,CETARTIODACTYLA,Carnivore,wild,DD,GCF_000331955.2,NA,"70,300","12,735,091",9380.5,NA,0.34832878,0.0009755,0.0006,0.39507509,0.03283147,24.9584366,0.1123149,0.33333333,0.46469622,0.00569801,0.00164204,0.27633113,0.35466227,2558003,16397,83983,1008,2362,117,283,0,2
Orycteropus afer,TUBULIDENTATA,Carnivore,wild,LC,GCA_004365145.1,NA,"20,354","22,965",3624.815,NA,1.3202454,0.00174877,0.0005,0.18436995,0.05820198,14.5561308,0.1095731,0.30740741,0.39273927,0,0.00330033,0.26780073,0.3335756,11327776,51808,659299,3019,7448,83,238,0,0
Oryctolagus cuniculus,LAGOMORPHA,Herbivore,wild,EN,GCF_000003625.3,"SAMN02786070, but discarded due to multiple individuals pooled","64,648","35,972,871",1515.3536,820984401,NA,NA,NA,NA,0.03384502,20.948406,0.06514739,0.16795666,0.24946362,0.00154799,0.0025356,0.21013793,0.2780781,6103527,33702,206574,2047,4552,434,1279,2,4
Otolemur garnettii,PRIMATES,Herbivore,captive,LC,GCF_000181295.1,SAMN00103053,"27,100","13,852,661",2277.7095,29688807.2,4.76490267,0.00185588,0.0006,0.32751235,0.03063168,22.8109472,0.06819357,0.40388007,0.38476756,0.00531915,0.00098912,0.21973326,0.29575843,16158988,118503,494977,6678,16822,229,389,0,3
Ovis aries,CETARTIODACTYLA,Herbivore,domestic,LC,GCF_000298735.2,SAMN02720826,"150,472","100,009,711",2920,NA,1.94210612,0.00373849,0.0042,0.13652249,0.0308668,26.8039688,0.09942281,0.21779859,0.31718898,0,0.00285442,0.24852439,0.31997891,1790208,9802,55258,520,1390,93,334,1,0
Ovis canadensis cremnobates,CETARTIODACTYLA,Herbivore,NA,EN,GCA_004026945.1,NA,"55,973","69,397",2634.50167,3637618.28,0.99757152,0.0007447,0.001,0.39942862,0.03217178,25.3930932,0.09375,NA,0.32142857,NA,0,0.26020408,0.30921053,1815535,606,58409,35,93,7,9,0,0
Pan paniscus,PRIMATES,Omnivore,wild,EN,GCF_000258655.2,SAMN01920511,"66,676","8,197,324",9125,825872.22,0.69358895,NA,NA,NA,0.03790624,20.9342301,0.14303914,0.42630385,0.49670619,0.01136364,0.00659631,0.36976839,0.42532633,1037560,11137,39330,630,1346,188,377,2,5
Pan troglodytes,PRIMATES,Omnivore,captive,EN,GCA_002880755.3,NA,"12,268,567","53,103,722",7300,3095284.59,0.57845184,0.00036651,0.0019,0.07851131,0.03612024,22.3039248,0.13591658,0.47854077,0.49127907,0.00214592,0.00872093,0.33779712,0.40815519,1031444,13348,37256,683,1649,223,507,2,1
Panthera onca,CARNIVORA,Carnivore,captive,NT,GCA_004023805.1,NA,"62,836","116,574",3581.68132,525041.263,0.96946032,0.00080409,0.0013,0.51242102,0.02956913,25.4894766,0.09199553,0.34408602,0.33921569,0.01075269,0.00196078,0.29395452,0.30852313,1366053,5977,40393,387,795,64,173,0,2
Panthera pardus,CARNIVORA,Carnivore,captive,VU,GCA_001857705.1,NA,"20,993","21,701,857",3400.64543,2054402.1,1.45271031,0.00081605,0.0007,0.38804067,0.02749023,27.5972234,0.08180469,0.35019455,0.36966825,0.00389105,0.00236967,0.23794549,0.30611019,1352626,8500,37184,504,1141,90,156,0,1
Panthera tigris,CARNIVORA,Carnivore,captive,EN,GCF_000464555.1,NA,"30,032","8,860,407",2920,74849.8035,NA,NA,NA,NA,0.03065915,24.9285433,0.12370793,NA,NA,NA,NA,0.29878324,0.37942192,1560415,7116,47841,451,1029,NA,NA,NA,NA
Pantholops hodgsonii,CETARTIODACTYLA,Herbivore,wild,NT,GCF_000400835.1,no data available,"18,674","2,772,860",2190,NA,NA,NA,NA,NA,0.03085476,24.1185832,0.0811198,NA,NA,NA,NA,0.22950161,0.32487515,6518572,35689,201129,1981,4962,NA,NA,NA,NA
Papio anubis,PRIMATES,Omnivore,captive,LC,GCA_000264685.2,SAMN02199293,"149,817","585,721",3833.595,60447610.3,1.91371772,0.00266748,0.0011,0.12645412,0.02967683,23.5220009,0.08307849,0.35080645,0.37037037,0.00538358,0.00246914,0.2649898,0.33390817,3092076,26378,91763,1282,3459,261,600,4,4
Paradoxurus hermaphroditus,CARNIVORA,Omnivore,wild,LC,GCA_004024585.1,NA,"62,870","71,823",2807.00376,NA,2.93526513,0.00465656,0.005,0.15300755,0.02178948,25.1837629,0.0499512,0.25838926,0.32400672,0.00111857,0.00280112,0.20751191,0.29560385,25115061,88394,547244,4533,12132,231,579,2,1
Perognathus longimembris pacificus,RODENTIA,Omnivore,wild,EN,GCA_004363475.1,NA,"17,686","24,714",996.4534,90271163.5,8.39702343,0.00229246,0.0005,0.3458724,0.03528973,21.2225731,0.06767329,0.22151899,0.31812577,0,0.00616523,0.22147084,0.30752411,29603828,94923,1044711,4039,12427,70,258,0,0
Peromyscus maniculatus,RODENTIA,Omnivore,NA,LC,GCF_000500345.1,NA,"36,367","3,760,915",940.1262,8605014726,27.0247509,0.00330027,0.0007,0.63349008,0.03122571,23.1399595,0.05078583,0.22762431,0.25538345,0.00220994,0.00113336,0.19143713,0.24950792,12030695,76673,375667,4581,10888,206,676,0,2
Petromus typicus,RODENTIA,Herbivore,wild,LC,GCA_004026965.1,NA,"29,916","35,766",1032.92357,NA,8.43598622,0.00451453,0.005,0.13390209,0.03270948,21.176946,0.07408259,0.40469314,0.45159647,0.01167883,0.00737564,0.27288344,0.32998439,33128405,172900,1083613,8238,24021,1121,2659,17,32
Phocoena phocoena,CETARTIODACTYLA,Carnivore,wild,LC,GCA_004363495.1,NA,"89,111","115,969",3028.845,NA,2.01902059,0.00188649,0.0016,0.08788849,0.03650965,23.5248472,0.10573541,0.29124579,0.37109045,0.00841751,0.00592217,0.26322021,0.36721873,1550686,7741,56615,435,1154,173,439,0,5
Piliocolobus tephrosceles,PRIMATES,Herbivore,wild,EN,GCA_002776525.1,no data available,"70,213","10,172,280",3650,37538916,NA,NA,NA,NA,0.02959564,23.1685127,0.08689289,NA,NA,NA,NA,0.27328104,0.36668209,5061928,45889,149811,2290,6190,NA,NA,NA,NA
Pipistrellus pipistrellus,CHIROPTERA,Carnivore,wild,LC,GCA_004026625.1,NA,"26,707","33,992",1962.5383,NA,4.59522969,0.00389383,0.0014,0.12775513,0.03114518,24.2165779,0.07845908,0.29487179,0.34851936,0.00641026,0.002849,0.22863392,0.34302991,16236575,53285,505691,2774,6843,230,612,1,5
Pithecia pithecia,PRIMATES,Omnivore,wild,LC,GCA_004026645.1,NA,"63,292","83,104",3539.8795,4348372.57,2.21509516,0.00164099,0.002,0.33121473,0.03138136,23.7959995,0.0869465,0.39277652,0.38185654,0,0.0031679,0.25304512,0.3397265,12012738,65479,376976,3126,7981,174,362,1,0
Platanista gangetica minor,CETARTIODACTYLA,Carnivore,wild,EN,GCA_004363435.1,NA,"20,879","23,933",6935,NA,0.14524443,0.00036651,0.0005,0.72748339,0.03818224,22.1131283,0.13003807,0.57142857,0.58536585,0,0,0.32180137,0.42462142,11595443,31530,442740,1622,4520,12,24,0,0
Pongo abelii,PRIMATES,Omnivore,captive,CR,GCA_002880775.3,NA,"11,074,009","98,475,126",9125,NA,1.14373207,0.0032076,0.003,0.21069896,0.03054155,22.641287,0.09044185,NA,NA,NA,NA,0.2798908,0.36199679,10336870,134276,315704,6041,17042,NA,NA,NA,NA
Procavia capensis,HYRACOIDEA,Herbivore,wild,LC,GCA_004026925.1,NA,"37,294","39,432",3079.14,6.60E+10,2.63248657,0.00458903,0.004,0.08165676,0.0406133,18.1936764,0.09268467,0.41212654,0.45650962,0.01095647,0.0073157,0.25452413,0.33702775,3513947,18784,142713,1077,2614,1407,3275,28,37
Propithecus coquereli,PRIMATES,Herbivore,captive,CR,GCF_000956105.1,NA,"28,129","5,604,909",3650,NA,NA,NA,NA,NA,0.02723114,23.6160536,0.07248994,NA,NA,NA,NA,0.23271073,0.32276199,9975637,62744,271648,2940,8437,NA,NA,NA,NA
Psammomys obesus,RODENTIA,Herbivore,captive,LC,GCA_002215935.1,NA,"76,398","76,398",549.2776,121418097,14.6077136,0.00169857,0.0005,0.50889732,0.03918112,19.3843939,0.07879839,0.25,0.37579618,0,0.00212314,0.22451736,0.29196759,6848604,32848,268336,1901,4531,67,177,0,0
Pteronotus parnellii,CHIROPTERA,Carnivore,wild,LC,GCA_000465405.1,NA,"9,502","22,675",1888.06537,NA,2.13025467,0.0016079,0.001,0.06805524,0.0270828,27.7415002,0.07761319,0.45971564,0.50359712,0.01445783,0.00972053,0.28568613,0.36939199,30763994,57400,833175,2984,7133,194,420,6,6
Pteronura brasiliensis,CARNIVORA,Carnivore,wild,EN,GCA_004024605.1,NA,"90,879","119,023",2190,NA,2.01124794,0.00097472,0.001,0.39975167,0.03117736,23.6476895,0.07488616,0.35763889,0.36363636,0.00347222,0.00324675,0.23464718,0.30529696,7952437,39644,247936,2193,5642,103,224,2,1
Pteropus alecto,CHIROPTERA,Herbivore,wild,LC,GCF_000325575.1,NA,"31,841","15,954,802",2945.91841,NA,NA,NA,NA,NA,0.02625817,25.2631847,0.07923514,NA,NA,NA,NA,0.22777873,0.34073538,3080793,16623,80896,956,2327,NA,NA,NA,NA
Pteropus vampyrus,CHIROPTERA,Herbivore,wild,NT,GCF_000151845.1,NA,"21,866","5,954,017",2945.91841,NA,1.72075435,0.00586718,0.0057,0.01574413,0.0253941,25.8118972,0.06584074,0.21699545,0.28536783,0.0030349,0.00161681,0.20877793,0.31220117,3284424,14507,83405,754,2067,143,353,0,2
Puma concolor,CARNIVORA,Carnivore,wild,LC,GCF_003327715.1,NA,"27,187","100,532,876",2693.79007,447017.181,2.34385208,0.00151529,0.0007,0.44697971,0.02545188,25.6595807,0.07595545,0.28318584,0.38863636,0.00444444,0.00228311,0.2507952,0.31392315,2612145,11799,66484,746,1593,64,171,0,1
Pygathrix nemaeus,PRIMATES,Herbivore,captive,CR,GCA_004024825.1,NA,"51,434","68,569",4015,NA,1.31380746,0.00167261,0.0015,0.23558998,0.03214299,23.7196503,0.10195504,0.44765703,0.50614948,0.0071066,0.00430828,0.29558304,0.37922958,3402702,26858,109373,1176,3445,449,1070,8,7
Rangifer tarandus,CETARTIODACTYLA,Herbivore,NA,VU,GCA_004026565.1,NA,"77,671","89,062",1825,46859983.4,3.65748646,0.00280678,0.0025,0.0863481,0.03342572,24.3526187,0.08109316,0.40418977,0.44536196,0.00870106,0.0058204,0.26299322,0.33398908,4431258,36597,148118,2103,4760,656,1618,10,14
Rattus norvegicus,RODENTIA,Omnivore,wild,LC,GCF_000001895.5,SAMN05425602,"100,461","14,986,627",594.0375,NA,15.2699795,0.0046859,0.0036,0.02860864,0.0369304,22.172006,0.06676239,NA,NA,NA,NA,0.23784389,0.30208963,28760616,338064,1062141,19237,46865,NA,NA,NA,NA
Rhinolophus sinicus,CHIROPTERA,Carnivore,wild,LC,GCA_001888835.1,NA,"37,803","3,754,400",2726.53565,NA,1.10094519,0.00688037,0.0071,0.04221067,0.0276683,24.2010884,0.08176982,0.23379175,0.34597595,0.01584158,0.00743494,0.28669932,0.36796227,28004970,304861,774850,16992,42086,119,374,1,8
Rhinopithecus bieti,PRIMATES,Herbivore,wild,EN,GCF_001698545.1,NA,"36,417","2,225,337",4015,57650.1,1.03516512,0.00586718,0.001,0.35642573,0.03400741,23.6275408,0.11549222,0.60260586,0.57777778,0.02483444,0.01391863,0.31862069,0.38133153,990931,9324,33699,479,1285,370,546,2,15
Rhinopithecus roxellana,PRIMATES,Herbivore,captive,EN,GCF_000769185.1,NA,"77,151","1,549,224",4745,1431086.22,1.001074,0.00128013,0.0006,0.3456571,0.03450722,23.0276441,0.11117196,0.48648649,0.51130777,0.02161383,0.00394477,0.3121853,0.37789474,1036073,12169,35752,663,1610,342,520,0,15
Rousettus aegyptiacus,CHIROPTERA,Herbivore,wild,LC,GCA_004024865.1,NA,"100,260","125,332",1825,NA,4.57479042,0.00244141,0.0045,0.44169042,0.02724396,23.2972009,0.07795208,0.38387716,0.40716019,0.00777706,0.00796569,0.26732006,0.34674635,18662413,146239,508438,8766,19357,600,1342,5,12
Saguinus imperator,PRIMATES,Omnivore,captive,LC,GCA_004024885.1,NA,"53,787","65,636",2814.0175,3519508.18,2.37642449,0.00253827,0.0005,0.15166066,0.03060601,27.4608261,0.08767603,0.47120056,0.50508161,0.01548205,0.01181592,0.26284255,0.35347212,11992382,83587,367039,3877,11116,679,1640,12,22
Saiga tatarica tatarica,CETARTIODACTYLA,Herbivore,captive,CR,GCA_004024985.1,NA,"6,406","6,453",1700.19755,2195187.23,1.05677999,0.00197476,0.0006,0.24953474,0.03006533,24.1135679,0.08025602,0.52511416,0.52011776,0.01080247,0.0109671,0.25344598,0.34806317,16526845,24001,496885,837,2967,345,530,2,7
Saimiri boliviensis,PRIMATES,Omnivore,captive,LC,GCF_000235385.1,SAMN00672664,"38,823","18,744,880",3354.65875,48402775,1.6809374,0.00131856,0.0006,0.38985432,0.02754122,24.5809713,0.07567311,0.45982695,0.47971014,0.01641414,0.00726744,0.26534588,0.34495302,15286505,142019,421009,6964,17551,372,662,3,13
Scalopus aquaticus,EULIPOTYPHLA,Omnivore,wild,LC,GCA_004024925.1,NA,"72,421","94,879",945.15485,3289214593,4.34136287,0.00092818,0.0005,0.80720372,0.02697033,22.709926,0.06941063,0.43382353,0.43946188,0,0,0.23651695,0.31927548,26051105,125371,702607,7172,17761,59,98,0,0
Semnopithecus entellus,PRIMATES,Herbivore,captive,LC,GCA_004025065.1,NA,"25,064","29,955",3806.439,26202658.1,1.49515981,0.0020818,0.002,0.20945578,0.02993853,23.6254378,0.09303545,0.48909396,0.53531455,0.01108269,0.00586166,0.29992045,0.38486708,4285014,22021,128287,828,2682,583,1387,15,13
Sigmodon hispidus,RODENTIA,Omnivore,captive,LC,GCA_004025045.1,NA,"67,983","101,373",596.57,NA,NA,0.00015654,0.0001,0.84424524,0.0385688,21.8121856,0.06599173,NA,NA,NA,NA,0.22475523,0.28598212,41818126,234940,1612875,15566,33804,NA,NA,NA,NA
Solenodon paradoxus,EULIPOTYPHLA,Omnivore,wild,LC,GCA_004363575.1,NA,"236,847","407,682",1901.91507,NA,2.61511433,0.00094943,0.0005,0.36499263,0.0446288,17.2342395,0.11904086,0.3715847,0.44897959,0.00728597,0.00340136,0.31225296,0.38570475,25983398,258260,1159608,18324,38477,204,396,0,4
Sorex araneus,EULIPOTYPHLA,Omnivore,wild,LC,GCF_000181275.1,NA,"22,623","22,794,405",524.7815,2.66E+10,NA,NA,NA,NA,0.03965649,20.3745729,0.07766359,NA,NA,NA,NA,0.24633867,0.31635323,31373199,203805,1244151,12793,28608,NA,NA,NA,NA
Spermophilus dauricus,RODENTIA,Omnivore,wild,LC,GCA_002406435.1,SAMN02324521,"34,849","1,761,345",1053.68291,NA,5.1215418,0.0027549,0.002,0.07013945,0.03545861,24.6751096,0.10306412,0.34943182,0.34253247,0,0.00649351,0.27919603,0.34867295,7070610,26533,250714,1624,3647,123,211,0,0
Spilogale gracilis,CARNIVORA,Omnivore,wild,LC,GCA_004023965.1,NA,"63,054","85,970",1289.86467,NA,4.75738673,0.00134591,0.0006,0.43085561,0.02842204,22.1320038,0.07057447,0.30916031,0.35273369,0.01145038,0.00352734,0.23267652,0.32452799,28750223,116403,817140,5868,16349,81,200,0,3
Suricata suricatta,CARNIVORA,Omnivore,captive,LC,GCA_004023905.1,NA,"148,487","186,735",1868.07,NA,3.61478263,0.0041338,0.0052,0.0917786,0.02912737,24.2870337,0.07133247,0.29218408,0.34370725,0.0036523,0.00410397,0.22679867,0.31410566,9820317,53234,286040,3021,7628,400,1005,2,5
Sus scrofa,CETARTIODACTYLA,Omnivore,domestic,LC,GCF_000003025.5,SAMN18236820,"69,503","576,008",2656.07,91868993.3,4.51177099,0.00464626,0.001,0.18676828,0.02958689,20.8253089,0.07017309,NA,NA,NA,NA,0.24479359,0.33209041,11984499,96418,354584,5161,14157,NA,NA,NA,NA
Tadarida brasiliensis,CHIROPTERA,Carnivore,wild,LC,GCA_004025005.1,NA,"22,617","24,311",1821.51315,NA,5.58622196,0.00757644,0.008,0.01482844,0.03389959,23.001377,0.08371158,0.1886608,0.26366419,0.00097752,0.00349956,0.2532492,0.33887049,18408688,82619,624047,4046,11485,193,603,1,1
Tamandua tetradactyla,PILOSA,Carnivore,captive,LC,GCA_004025105.1,NA,"18,654","19,789",1854.65,66541892.8,4.69479547,0.00558633,0.007,0.07103109,0.04662904,21.2903994,0.10156144,0.4723127,0.47506173,0.01365818,0.00785034,0.27325581,0.32826418,6490784,29572,302659,1561,3746,1305,2886,33,37
Tapirus indicus,PERISSODACTYLA,Herbivore,captive,EN,GCA_004024905.1,NA,"225,792","308,930",4015,87425.5756,1.61639373,0.00083614,0.0004,0.51172707,0.03482292,20.6344702,0.09807637,0.46511628,0.48751007,0.01367188,0.00323102,0.28753143,0.34809434,4922677,48893,171422,2655,6714,240,605,5,7
Tapirus terrestris,PERISSODACTYLA,Herbivore,captive,VU,GCA_004025025.1,NA,"164,193","186,384",4015,11614263.4,1.8643312,0.00343888,0.0044,0.07666891,0.03045056,22.665769,0.08509757,0.31040413,0.39390793,0.00171969,0.00207756,0.25239245,0.33869435,6598992,37628,200943,2047,5710,361,1138,2,2
Thryonomys swinderianus,RODENTIA,Herbivore,wild,LC,GCA_004025085.1,NA,"18,955","21,523",837.31,NA,7.59190672,0.0034472,0.0035,0.08489384,0.03470505,21.4815819,0.07839678,0.22395833,0.35014006,0,0.00186741,0.25791118,0.31718516,24919283,72653,864825,3906,10285,86,375,0,0
Tolypeutes matacus,CINGULATA,Carnivore,captive,NT,GCA_004025125.1,NA,"9,441","10,217",4287.958,12875219.6,0.82429865,0.00300052,0.001,0.09874511,0.04068755,25.2710078,0.09646324,0.37735849,0.37659033,0.00632911,0.00255102,0.26981418,0.3492522,14285329,23839,581235,1050,3360,60,148,0,1
Tonatia saurophila,CHIROPTERA,Omnivore,wild,LC,GCA_004024845.1,NA,"141,649","165,561",2064.27635,NA,4.07920709,0.0029845,0.0026,0.10951828,0.02748513,25.4975009,0.06423052,0.264,0.32138391,0.00218182,0.00083368,0.21887185,0.31244194,21825258,108217,599870,5925,16813,363,771,1,3
Tragulus javanicus,CETARTIODACTYLA,Herbivore,captive,DD,GCA_004024965.1,NA,"78,495","86,670",1825,NA,5.57876948,0.00483499,0.0052,0.17976993,0.03045403,23.3603197,0.07801577,0.56985294,0.55509642,0.02345679,0.01800554,0.25057463,0.34229441,38721441,200408,1179224,10296,28078,465,403,6,19
Trichechus manatus,SIRENIA,Herbivore,captive,EN,GCF_000243295.1,NA,"37,750","14,442,683",7300,NA,1.81607024,0.00137025,0.0005,0.5253648,0.03382407,21.5477674,0.09567983,0.38046272,0.46041413,0,0.00487211,0.27295053,0.36446212,31189004,245573,1054939,14732,35594,148,378,2,0
Tupaia belangeri chinensis,SCANDENTIA,Omnivore,captive,LC,GCF_000334495.1,NA,"25,938","3,670,124",1458.08458,NA,7.57763987,0.00442981,0.0028,0.01262482,0.03666525,21.0741664,0.07802991,0.31396439,0.34143818,0.01031895,0.00569653,0.22423189,0.28923358,6019160,32461,220694,1880,4311,335,660,2,11
Tupaia tana,SCANDENTIA,Omnivore,captive,LC,GCA_004365275.1,NA,"2,971","2,973",1458.08458,NA,4.156136,0.0036735,0.0011,0.1587253,0.03124778,25.9740687,0.06044006,0.41489362,0.27164179,0.00534759,0.00597015,0.22235872,0.26897038,6519695,9757,203726,408,1112,78,91,0,1
Tursiops truncatus,CETARTIODACTYLA,Carnivore,wild,LC,GCA_001922835.1,NA,"44,299","26,555,543",6427.88,NA,1.1337238,0.00124103,0.0006,0.35269883,0.03070156,24.7448795,0.09182227,0.34461538,0.42234332,0.00309598,0.00272851,0.28898776,0.3683274,2891645,13429,88778,872,1995,112,310,0,1
Uropsilus gracilis,EULIPOTYPHLA,Omnivore,wild,LC,GCA_004024945.1,NA,"43,618","55,035",759.185721,NA,7.56735772,0.00171926,0.0016,0.1977755,0.04092311,16.7183796,0.08191828,0.32876712,0.32472325,0,0.00369004,0.24614451,0.31972755,22349011,83307,914591,4737,12638,72,176,0,0
Ursus maritimus,CARNIVORA,Carnivore,captive,VU,GCF_000687225.1,SAMN02231727,"46,506","15,940,661",5475,NA,0.54532777,0.00093699,0.0005,0.31612776,0.02505489,25.7062652,0.07509769,0.37426901,0.42481203,0,0.0037594,0.250267,0.34284337,8415285,33672,210844,1908,4824,64,113,0,0
Vicugna pacos,CETARTIODACTYLA,Herbivore,domestic,LC,GCA_000767525.1,NA,"213,649","5,303,709",3674.84687,NA,NA,NA,NA,NA,0.03211535,22.6154426,0.0869167,NA,NA,NA,NA,0.24465777,0.33361848,12197377,81488,391723,4810,11782,NA,NA,NA,NA
Vulpes lagopus,CARNIVORA,Carnivore,captive,LC,GCA_004023825.1,NA,"73,976","102,053",1871.18712,1698873.24,3.68246818,0.0014776,0.0021,0.48257973,0.02422233,28.6762947,0.05460457,0.252,0.3095624,0,0.00324149,0.19446209,0.28650219,5819094,20626,140952,1084,2983,63,191,0,0
Xerus inauris,RODENTIA,Omnivore,wild,LC,GCA_004024805.1,NA,"64,054","83,865",1603.12755,NA,4.07752892,0.00158498,0.0006,0.36168148,0.02906083,23.1280705,0.06284616,0.3531746,0.32662539,0,0,0.22244872,0.29949827,23479851,98471,682344,5143,13738,89,211,1,0
Zalophus californianus,CARNIVORA,Carnivore,wild,LC,GCA_004024565.1,NA,"90,567","132,377",5306.69155,NA,0.57970845,0.0009136,0.0006,0.38173072,0.02880006,25.1086365,0.07784214,0.30769231,0.38818565,0.01809955,0.0021097,0.23470988,0.3250762,5728182,28327,164972,1495,4073,68,184,0,4
Zapus hudsonius,RODENTIA,Omnivore,captive,LC,GCA_004024765.1,NA,"23,350","26,350",604.1943,7533267999,14.980174,0.0045465,0.0052,0.07498083,0.04449432,19.6988236,0.08218065,0.18542849,0.22356158,0.00209143,0.00174,0.23535303,0.32050579,27227046,99990,1211449,4516,14431,621,1799,4,7
Ziphius cavirostris,CETARTIODACTYLA,Carnivore,wild,LC,GCA_004364475.1,NA,"3,606","3,608",6460.5,NA,0.85335381,0.00371118,0.0023,0.04869284,0.03833005,22.5013304,0.10561653,0.31481481,0.40689655,0.00371747,0.00172414,0.27815867,0.37558015,2292118,4316,87857,200,664,85,236,1,1
